INSERT INTO departments(id, name)
VALUES(1, 'Human Resource')
, (2, 'IT')
, (3, 'Process Worker')
, (4, 'Finance')
, (5, 'Legal');

INSERT INTO employees(id, name, hired_on, department_id)
VALUES(1, 'John Doe', '2021-01-01', 2)
, (2, 'Gladwine Sigeberht', '2021-02-03', 2)
, (3, 'Cynebald Eormenhild', '2021-03-04', 2)
, (4, 'Grazyna Herman', '2021-04-04', 1)
, (5, 'Zbynek Gustavo', '2021-03-04', 3)
, (6, 'Andréa Kastor', '2021-03-04', 1)
, (7, 'Svatopluk Juliane', '2021-03-04', 3)
, (8, 'Emy Benedikt', '2021-06-04', 4)
, (9, 'Evelyne Custodio', '2021-03-04', 4)
, (10, 'Xiana Sylvaine', '2022-03-04', 5)
, (11, 'Julieta Blanka', '2022-03-04', 5)
, (12, 'Maud Dores', '2022-03-04', 5);

INSERT INTO employee_informations(id, employee_id, address, birthdate, is_active, resign_on)
VALUES(1, 1, 'Tangerang', '1997-04-01', true, null)
, (2, 2, 'Tangerang', '1997-04-01', true, null)
, (3, 3, 'Tangerang', '1997-04-01', true, null)
, (4, 4, 'Tangerang', '1997-04-01', true, null)
, (5, 5, 'Tangerang', '1997-04-01', true, null)
, (6, 6, 'Tangerang', '1997-04-01', true, null)
, (7, 7, 'Tangerang', '1997-04-01', true, null)
, (8, 8, 'Tangerang', '1997-04-01', true, null)
, (9, 9, 'Tangerang', '1997-04-01', true, null)
, (10, 10, 'Tangerang', '1997-04-01', true, null)
, (11, 11, 'Tangerang', '1997-04-01', true, null)
, (12, 12, 'Tangerang', '1997-04-01', true, null);

INSERT INTO projects(id, name, description, start_date, expected_end_date, actual_end_date)
VALUES(1, 'Project Human Logic', 'Lorem ipsum dolor sit amet, consectetur adipiscing elit', '2019-01-01', '2025-01-01', null)
, (2, 'Project Graph Shack', 'accusantium doloremque laudantium, totam rem aperiam', '2020-01-01', '2025-01-01', null)
, (3, 'Project Updata', 'ullam corporis suscipit laboriosam', '2020-01-01', '2025-01-01', null)
, (4, 'Project Time Capsule', 'qui in ea voluptate velit', '2019-01-01', '2020-11-11', '2021-07-11')
, (5, 'Project Techium', 'aspernatur aut odit aut fugit', '2019-01-01', '2025-01-01', '2023-05-07');

INSERT INTO employee_project_mapping(id, project_id, employee_id)
VALUES(1, 1, 1)
, (2, 1, 2)
, (3, 1, 3)
, (4, 2, 2)
, (5, 2, 5)
, (6, 2, 6)
, (7, 3, 3)
, (8, 3, 5)
, (9, 3, 6)
, (10, 4, 12)
, (11, 4, 10)
, (12, 4, 8)
, (13, 5, 1)
, (14, 5, 5)
, (15, 5, 8);